{
  "total_return": 0.08731781877160061,
  "annualized_return": 0.034052531331501656,
  "annualized_vol": 0.03083552092825513,
  "sharpe": 1.1013154734812114,
  "max_drawdown": -0.040982934067184895,
  "calmar": 0.8308953984523908,
  "n_days": 630
}