{
  "total_return": 0.09981828776126545,
  "annualized_return": 0.03879146990722493,
  "annualized_vol": 0.04005980371185596,
  "sharpe": 0.9697689399498868,
  "max_drawdown": -0.039334041644439544,
  "calmar": 0.9862060516913264,
  "n_days": 630
}