{
  "total_return": 0.21419633130641547,
  "annualized_return": 0.08072591718344624,
  "annualized_vol": 0.10199441203947482,
  "sharpe": 0.8117661257425205,
  "max_drawdown": -0.12708106975165023,
  "calmar": 0.6352316465481906,
  "n_days": 630
}