{
  "total_return": 0.12866708236146618,
  "annualized_return": 0.049606094133683776,
  "annualized_vol": 0.04719692651599357,
  "sharpe": 1.0491001899739794,
  "max_drawdown": -0.040176816431236384,
  "calmar": 1.23469449647873,
  "n_days": 630
}