{
  "total_return": 0.12866704423439979,
  "annualized_return": 0.04960607995114863,
  "annualized_vol": 0.04719696912517238,
  "sharpe": 1.0490989988248265,
  "max_drawdown": -0.04017680129746648,
  "calmar": 1.234694608559511,
  "n_days": 630
}