{
  "total_return": 0.6655669185989057,
  "annualized_return": 0.29188067542707485,
  "annualized_vol": 0.2139046697442371,
  "sharpe": 1.3045009290833964,
  "max_drawdown": -0.1753781843336707,
  "calmar": 1.6642929480427797,
  "n_days": 502
}