{
  "total_return": 0.2133901992039271,
  "annualized_return": 0.08043885275435847,
  "annualized_vol": 0.07586051032292992,
  "sharpe": 1.0580008780640044,
  "max_drawdown": -0.067483270118189,
  "calmar": 1.1919821403657425,
  "n_days": 630
}