{
  "total_return": 0.6572370336584925,
  "annualized_return": 0.22392231169612553,
  "annualized_vol": 0.25086603062608354,
  "sharpe": 0.9286059006779052,
  "max_drawdown": -0.22820437798251325,
  "calmar": 0.981235827619767,
  "n_days": 630
}