{
  "total_return": 0.3901816795337958,
  "annualized_return": 0.14085020388289715,
  "annualized_vol": 0.1525454472843982,
  "sharpe": 0.939733178072992,
  "max_drawdown": -0.18755221196416594,
  "calmar": 0.750991963292911,
  "n_days": 630
}